,선수,G,타석,타수,득점,안타,2타,3타,홈런,루타,타점,도루,도실,볼넷,사구,고4,삼진,병살,희타,희비,타율,출루,장타,OPS,wOBA,wRC+,WAR+,WPA,생일
0,이정후22키CF,142,627,553,85,193,36,10,23,318,113,5,0,66,5,12,32,10,0,3,.349,.421,.575,.996,.441,182.5,9.23,6.72,1998-08-20
1,피렐라22삼LF,141,630,561,102,192,33,4,28,317,109,15,5,55,12,12,81,19,0,2,.342,.411,.565,.976,.434,169.3,7.40,4.20,1989-11-21
2,나성범22KRF,144,649,563,92,180,39,2,21,286,97,6,1,64,17,6,137,7,0,5,.320,.402,.508,.910,.411,157.4,6.50,3.74,1989-10-03
3,오지환22LSS,142,569,494,75,133,16,4,25,232,87,20,7,62,7,2,107,11,3,3,.269,.357,.470,.827,.372,138.6,5.77,2.56,1990-03-12
4,최정22S3B,121,505,414,80,110,21,0,26,209,87,12,5,66,19,3,96,6,0,6,.266,.386,.505,.891,.400,145.4,5.15,3.72,1987-02-28
5,터크먼22한CF,144,648,575,88,166,37,4,12,247,43,19,11,64,7,5,104,12,0,2,.289,.366,.430,.795,.365,126.8,4.98,0.80,1990-12-03
6,소크라테스22KCF,127,554,514,83,160,29,7,17,254,77,13,6,34,2,4,81,11,0,4,.311,.354,.494,.848,.380,137.0,4.97,0.61,1992-09-06
7,김현수22LLF,141,604,524,78,150,25,2,23,248,106,2,1,71,5,7,62,5,0,3,.286,.375,.473,.848,.382,145.1,4.88,2.70,1988-01-12
8,김혜성22키2B,129,566,516,81,164,18,7,4,208,48,34,7,47,0,3,83,9,0,3,.318,.373,.403,.776,.360,123.9,4.80,1.26,1999-01-27
9,최지훈22SCF,144,640,570,93,173,32,4,10,243,61,31,7,47,7,0,77,7,12,4,.304,.362,.426,.788,.357,120.8,4.78,1.77,1997-07-23
10,양의지22NC,130,510,427,61,121,24,0,20,205,94,3,1,60,13,6,48,16,0,10,.283,.380,.480,.861,.386,140.3,4.61,0.76,1987-06-05
11,박건우22NCF,111,463,408,52,137,18,1,10,187,61,3,3,44,8,1,62,10,0,3,.336,.408,.458,.867,.400,151.9,4.47,1.02,1990-09-08
12,박성한22SSS,140,564,494,68,147,24,4,2,185,56,12,8,60,2,1,81,5,6,2,.298,.375,.374,.749,.349,116.6,4.23,1.49,1998-03-30
13,문보경22L3B,126,466,406,52,128,22,3,9,183,56,7,0,47,1,1,56,11,5,7,.315,.382,.451,.833,.377,138.3,4.02,1.10,2000-07-19
14,마티니22NLF,139,576,510,67,153,34,1,16,237,85,13,4,51,8,5,86,8,0,7,.300,.368,.465,.833,.376,134.9,3.96,0.53,1990-06-27
15,한유섬22SRF,135,545,458,62,121,33,1,21,219,100,1,1,66,16,6,137,8,0,5,.264,.373,.478,.851,.382,134.9,3.90,3.45,1989-08-09
16,박병호22K1B,124,487,429,72,118,17,0,35,240,98,5,3,40,12,3,131,7,0,6,.275,.349,.559,.909,.399,147.8,3.85,3.71,1986-07-10
17,푸이그22키RF,126,547,473,65,131,30,0,21,224,73,6,3,58,12,1,100,6,0,4,.277,.368,.474,.841,.382,143.4,3.78,1.35,1990-12-07
18,한동희22롯3B,129,499,456,43,140,27,0,14,209,65,0,0,33,6,2,64,15,0,4,.307,.359,.458,.817,.372,129.2,3.77,0.32,1999-06-01
19,정은원22한2B,140,601,508,67,140,20,2,8,188,49,10,6,85,1,0,109,10,4,3,.276,.379,.370,.749,.352,118.2,3.70,-0.81,2000-01-17
20,이대호22롯DH,143,591,540,53,179,23,0,23,271,101,0,0,43,2,7,56,26,0,6,.331,.379,.502,.881,.395,146.2,3.58,0.96,1982-06-21
21,박해민22LCF,144,636,570,97,165,20,8,3,210,49,24,6,44,9,0,85,4,7,6,.289,.347,.368,.715,.331,103.9,3.45,0.60,1990-02-24
22,장성우22KC,117,420,362,48,94,11,0,18,159,55,1,0,52,2,2,79,12,1,3,.260,.353,.439,.792,.360,121.8,3.39,0.50,1990-01-17
23,노진혁22N3B,115,451,396,50,111,24,0,15,180,75,2,0,45,2,3,105,11,3,5,.280,.353,.455,.807,.362,125.1,3.31,1.13,1989-07-15
24,허경민22두3B,121,493,432,59,125,23,0,8,172,60,10,3,36,16,3,40,12,2,7,.289,.361,.398,.759,.350,119.6,3.29,1.82,1990-08-26
25,안치홍22롯2B,132,562,493,71,140,27,3,14,215,58,7,2,51,5,4,52,13,8,5,.284,.354,.436,.790,.354,117.2,3.24,0.87,1990-07-02
26,김재환22두LF,128,517,448,64,111,24,1,23,206,72,2,1,61,4,4,133,5,0,4,.248,.340,.460,.800,.360,130.7,3.24,0.33,1988-09-22
27,홍창기22LRF,118,525,437,76,125,19,4,1,155,51,13,4,59,19,0,75,11,5,5,.286,.390,.355,.745,.353,119.2,3.17,1.27,1993-11-21
28,전준우22롯LF,120,517,470,73,143,31,1,11,209,68,6,3,35,3,1,73,14,0,9,.304,.350,.445,.795,.361,121.3,3.10,1.19,1986-02-25
29,박찬호22KSS,130,566,494,81,134,22,0,4,168,45,41,8,57,1,0,67,9,7,7,.271,.344,.340,.684,.319,95.0,3.02,0.62,1995-06-05
30,박동원22키KC,123,447,385,52,93,21,0,18,168,57,1,0,45,9,4,95,9,7,1,.242,.334,.436,.771,.344,111.5,2.94,-0.80,1990-04-07
31,채은성22L1B,126,526,467,48,138,26,2,12,204,83,6,7,27,21,3,88,16,0,11,.296,.354,.437,.790,.359,127.3,2.89,-0.22,1990-02-06
32,김선빈22K2B,140,587,505,51,145,23,0,3,177,61,13,2,65,6,0,47,14,7,3,.287,.373,.351,.724,.341,109.6,2.88,1.39,1989-12-18
33,오재일22삼1B,135,536,470,57,126,42,0,21,231,94,2,1,58,1,8,133,7,0,7,.268,.345,.491,.837,.370,126.5,2.83,0.86,1986-10-29
34,조용호22KRF,131,531,474,52,146,18,4,3,181,44,5,4,49,3,3,74,3,2,3,.308,.374,.382,.756,.352,115.8,2.66,1.99,1989-09-09
35,노시환22한3B,115,490,434,55,122,24,1,6,166,59,6,2,48,4,1,95,13,0,4,.281,.355,.382,.738,.344,112.5,2.65,1.99,2000-12-03
36,황재균22K3B,141,581,519,59,136,24,3,10,196,64,6,3,53,5,5,99,17,2,2,.262,.335,.378,.713,.328,99.6,2.65,-0.18,1987-07-28
37,배정대22KCF,144,575,508,64,135,24,2,6,181,56,19,4,54,4,0,126,2,5,4,.266,.339,.356,.695,.324,96.7,2.58,-0.18,1995-06-12
38,문성주22LDH,106,390,327,55,99,15,3,6,138,41,9,6,51,3,2,36,13,8,1,.303,.401,.422,.823,.375,136.0,2.48,0.48,1997-02-20
39,알포드22KLF,80,323,283,48,81,19,1,14,144,50,5,1,33,3,3,90,3,0,4,.286,.362,.509,.871,.387,139.7,2.47,2.04,1994-07-20
40,추신수22SDH,112,499,409,77,106,20,1,16,176,58,15,5,71,13,1,100,6,2,4,.259,.382,.430,.813,.374,129.8,2.38,2.01,1982-07-13
41,강승호22두2B,134,487,444,54,117,28,1,10,177,62,13,5,29,3,0,100,8,6,5,.264,.310,.399,.708,.320,100.5,2.34,0.53,1994-02-09
42,유강남22LC,139,469,416,54,106,16,0,8,146,47,0,0,34,11,1,98,9,6,2,.255,.326,.351,.677,.314,94.9,2.30,0.41,1992-07-15
43,렉스22롯CF,56,251,218,32,72,10,1,8,108,34,3,0,26,5,2,44,4,0,2,.330,.410,.495,.906,.411,156.3,2.30,1.32,1993-11-12
44,최형우22KDH,132,530,454,55,120,27,1,14,191,71,1,0,73,1,5,92,9,0,2,.264,.366,.421,.787,.361,123.3,2.29,1.16,1983-12-16
45,류지혁22K3B,127,477,405,55,112,19,2,2,141,48,8,4,56,6,0,83,6,8,2,.277,.371,.348,.719,.338,107.8,2.26,1.01,1994-01-13
46,박민우22N2B,104,451,390,61,104,22,1,4,140,38,21,4,42,10,5,55,7,6,3,.267,.351,.359,.710,.326,101.0,2.13,0.62,1993-02-06
47,강민호22삼C,130,444,396,38,102,19,1,13,162,66,0,0,41,3,4,58,21,1,3,.258,.330,.409,.739,.335,103.6,2.11,0.55,1985-08-18
48,김지찬22삼2B,113,429,361,62,101,7,6,0,120,25,25,4,45,2,0,64,2,19,2,.280,.361,.332,.693,.317,93.2,2.08,0.63,2001-03-08
49,손아섭22NRF,138,617,548,72,152,29,4,4,201,48,6,3,59,3,2,76,9,1,6,.277,.347,.367,.714,.333,105.7,2.07,1.43,1988-03-18
50,송성문22키3B,142,601,547,67,135,21,4,13,203,79,0,1,45,1,6,65,8,1,7,.247,.302,.371,.673,.305,88.1,2.01,-1.23,1996-08-29
51,김현준22삼CF,118,422,363,57,100,19,4,0,127,22,5,3,45,6,0,80,1,8,0,.275,.365,.350,.715,.334,105.5,1.96,0.64,2002-10-11
52,고승민22롯RF,92,262,234,31,74,15,1,5,106,30,1,4,25,0,0,47,6,2,1,.316,.381,.453,.834,.381,134.4,1.95,1.34,2000-08-11
53,구자욱22삼RF,99,442,409,69,119,23,3,5,163,37,11,1,27,3,2,84,7,1,2,.291,.338,.399,.736,.338,107.1,1.91,-0.31,1993-02-12
54,이창진22KLF,111,404,346,56,104,14,0,7,139,48,3,5,41,2,0,63,7,11,4,.301,.374,.402,.776,.352,117.2,1.84,-0.65,1991-03-04
55,강한울22삼3B,93,252,226,31,73,12,1,1,90,26,4,2,20,0,0,48,2,4,2,.323,.375,.398,.773,.355,119.4,1.83,-0.53,1991-09-12
56,페르난데스22두DH,139,550,508,52,157,28,0,6,203,77,0,0,35,2,0,45,34,0,5,.309,.353,.400,.752,.349,118.6,1.83,-0.21,1988-04-27
57,김준태22KC,98,270,231,28,63,16,1,4,93,27,2,0,33,0,1,77,4,3,3,.273,.360,.403,.762,.348,113.0,1.82,0.54,1994-07-31
58,김주원22NSS,96,326,273,35,62,10,2,10,106,47,10,3,30,14,1,89,4,9,0,.227,.334,.388,.723,.327,100.7,1.81,-0.41,2002-07-30
59,최재훈22한C,114,437,364,38,81,14,0,5,110,30,1,1,44,21,0,65,17,5,2,.223,.339,.302,.641,.308,87.4,1.78,-1.31,1989-08-27
60,김휘집22키SS,112,393,333,40,74,12,1,8,112,36,0,0,39,14,0,115,6,3,4,.222,.326,.336,.662,.312,93.6,1.58,-1.22,2002-01-01
61,양석환22두1B,107,446,406,58,99,14,1,20,175,51,1,0,32,7,3,101,3,0,1,.244,.309,.431,.741,.334,113.0,1.57,0.05,1991-07-15
62,심우준22KSS,132,449,388,69,93,8,2,4,117,34,23,2,43,2,0,75,11,11,4,.240,.316,.302,.617,.287,72.0,1.55,-1.06,1995-04-28
63,하주석22한SS,125,483,444,50,115,18,2,5,152,58,20,6,31,3,1,126,4,2,3,.259,.310,.342,.652,.303,84.5,1.38,-0.21,1994-02-25
64,김재성22삼DH,63,185,161,16,54,10,0,3,73,26,0,0,18,2,0,40,4,1,3,.335,.402,.453,.856,.392,143.6,1.37,0.44,1996-10-30
65,김강민22SCF,84,202,178,24,54,11,0,5,80,18,1,3,18,3,2,39,1,2,1,.303,.375,.449,.824,.372,129.5,1.33,1.07,1982-09-13
66,박세혁22두C,128,402,351,33,87,13,1,3,111,41,2,2,33,6,1,71,4,8,4,.248,.320,.316,.636,.295,80.4,1.29,-1.26,1990-01-09
67,이지영22키C,137,450,420,38,112,13,4,2,139,37,1,1,20,2,2,44,16,8,0,.267,.303,.331,.634,.290,75.6,1.26,-1.85,1986-02-27
68,황성빈22롯CF,102,353,320,62,94,12,4,1,117,16,10,12,22,2,0,55,2,7,2,.294,.341,.366,.707,.324,95.3,1.23,-0.39,1997-12-19
69,김태군22삼C,102,235,205,20,61,11,0,2,78,25,0,0,17,4,0,34,15,6,3,.298,.358,.380,.739,.337,106.3,1.22,-0.17,1989-12-30
70,라가레스22SLF,49,202,180,24,57,9,0,6,84,32,3,1,14,1,1,18,4,4,3,.317,.364,.467,.830,.368,126.9,1.19,1.19,1989-03-17
71,이재원22LDH,85,253,223,31,50,8,2,13,101,43,3,1,18,12,2,77,3,0,0,.224,.316,.453,.769,.346,122.0,1.19,0.61,1999-07-17
72,피터스22롯CF,85,354,316,32,72,16,0,13,127,48,7,4,26,8,1,77,5,0,4,.228,.299,.402,.701,.319,93.7,1.18,1.09,1995-12-12
73,김인태22두RF,83,279,235,25,58,6,0,5,79,25,1,0,41,3,1,47,6,0,0,.247,.366,.336,.702,.337,109.9,1.17,0.08,1994-07-03
74,안권수22두RF,76,267,239,43,71,7,2,0,82,20,3,4,26,1,0,40,6,1,0,.297,.368,.343,.712,.339,108.3,1.15,-0.47,1993-04-19
75,정수빈22두CF,127,455,405,58,105,12,4,3,134,41,15,8,39,1,1,56,2,6,4,.259,.323,.331,.654,.303,85.3,1.13,0.81,1990-10-07
76,이원석22삼3B,88,335,288,31,77,13,0,10,120,60,0,0,33,5,2,70,7,3,6,.267,.346,.417,.763,.345,110.2,1.12,1.31,1986-10-21
77,황대인22K1B,129,524,476,40,122,27,0,14,191,91,0,0,36,7,2,92,20,0,5,.256,.315,.401,.716,.327,100.0,1.08,-1.18,1996-02-10
78,전의산22S1B,77,266,241,36,60,15,1,13,116,45,0,0,24,0,3,84,6,0,1,.249,.316,.481,.797,.353,114.0,1.00,0.20,2000-11-25
79,김태연22한3B,119,464,404,46,97,18,0,7,136,53,3,2,48,5,1,106,9,3,4,.240,.325,.337,.662,.310,89.1,0.95,-1.45,1997-06-10
80,오윤석22K2B,111,337,286,23,67,13,0,6,98,37,2,1,34,6,0,69,9,5,6,.234,.322,.343,.665,.308,86.1,0.84,0.26,1992-02-24
81,김민혁22두1B,38,97,88,11,25,2,0,5,42,16,0,0,7,2,0,25,6,0,0,.284,.351,.477,.828,.377,142.7,0.79,0.11,1996-05-03
82,김민식22KSC,104,266,222,30,49,9,1,2,66,28,0,0,32,2,1,45,4,7,3,.221,.321,.297,.618,.288,73.4,0.76,-0.99,1989-06-28
83,김인환22한1B,113,429,398,48,104,14,0,16,166,54,2,0,24,3,2,111,4,0,4,.261,.305,.417,.722,.327,100.3,0.73,-1.43,1994-01-28
84,김도영22K3B,103,254,224,37,53,11,4,3,81,19,13,3,22,3,0,62,3,4,1,.237,.312,.362,.674,.309,88.1,0.72,-0.53,2003-10-02
85,가르시아22L2B,39,156,136,21,28,6,1,4,48,19,4,1,19,1,0,40,4,0,0,.206,.308,.353,.661,.310,93.1,0.59,-0.91,1993-03-28
86,김상수22삼SS,72,260,235,30,59,11,0,2,76,29,2,1,18,1,0,44,6,4,2,.251,.305,.323,.628,.291,75.2,0.56,-0.79,1990-03-23
87,박준영22N3B,75,240,208,27,45,8,1,4,67,19,7,2,27,1,0,54,6,3,1,.216,.308,.322,.630,.295,78.9,0.53,-1.16,1997-08-05
88,오선진22삼3B,100,306,268,30,74,8,0,3,91,24,2,2,18,3,0,51,5,16,1,.276,.328,.340,.667,.299,79.9,0.53,-0.72,1989-07-07
89,최주환22S2B,97,333,298,36,63,14,2,9,108,41,0,0,29,4,2,55,5,0,2,.211,.288,.362,.651,.298,79.1,0.52,-0.42,1988-02-28
90,김대한22두RF,51,110,96,13,23,6,1,4,43,11,2,1,5,6,0,27,0,2,1,.240,.315,.448,.763,.339,115.5,0.50,-0.09,2000-12-06
91,권희동22NCF,82,280,238,30,53,5,1,5,75,22,2,1,31,8,1,44,3,2,1,.223,.331,.315,.646,.307,87.4,0.49,0.39,1990-12-30
92,지시완22롯C,75,199,174,16,37,7,0,3,53,17,0,0,20,2,1,55,7,2,1,.213,.300,.305,.604,.283,68.3,0.48,-0.31,1994-04-10
93,이우성22KLF,80,137,120,23,35,7,0,1,45,12,1,3,12,1,0,20,5,4,0,.292,.361,.375,.736,.337,106.9,0.44,-1.03,1994-07-17
94,양찬열22두RF,41,94,82,15,20,4,0,3,33,12,0,0,11,0,0,23,2,1,0,.244,.333,.402,.736,.337,113.1,0.43,0.38,1997-05-25
95,고종욱22KDH,62,114,106,13,30,7,1,2,45,14,1,0,7,0,0,21,2,1,0,.283,.327,.425,.752,.341,110.4,0.40,0.63,1989-01-11
96,김기환22NCF,73,131,113,26,25,5,1,0,32,6,14,2,13,2,0,38,0,2,1,.221,.310,.283,.593,.282,71.0,0.37,-1.17,1995-08-25
97,김주형22키SS,55,130,110,16,22,7,1,1,34,5,1,0,4,13,0,29,4,2,1,.200,.305,.309,.614,.291,76.0,0.33,-0.93,1996-03-05
98,박상언22한C,56,151,134,16,30,5,1,4,49,17,0,3,11,0,0,28,2,5,1,.224,.281,.366,.647,.287,73.4,0.32,-0.83,1997-03-03
99,안승한22두C,30,39,36,5,12,3,0,0,15,8,0,0,2,0,0,12,0,1,0,.333,.368,.417,.785,.356,122.1,0.32,0.21,1992-01-25
100,손호영22L2B,36,82,74,13,19,0,2,3,32,14,0,3,6,0,0,14,2,1,1,,,,,,,0.31,0.03,1994-08-23
101,신용수22롯RF,49,73,68,8,16,4,2,2,30,7,3,1,4,1,0,15,0,0,0,,,,,,,0.30,0.19,1996-01-05
102,허도환22LC,64,92,85,7,21,5,0,1,29,6,0,0,2,2,0,26,2,3,0,,,,,,,0.29,-0.49,1984-07-31
103,이재원22SC,105,279,234,27,47,6,0,4,65,28,1,0,25,8,1,44,13,9,3,,,,,,,0.28,-1.59,1988-02-24
104,조수행22두LF,117,134,119,36,28,4,1,1,37,9,22,7,10,1,0,31,4,2,2,,,,,,,0.28,-0.74,1993-08-30
105,서건창22L2B,77,247,219,39,49,10,1,2,67,18,8,3,20,4,0,44,5,3,1,,,,,,,0.28,-1.75,1989-08-22
106,김호령22KCF,54,88,77,21,21,1,1,1,27,8,2,1,7,0,0,22,4,4,0,,,,,,,0.28,-0.63,1992-04-30
107,송찬의22L2B,33,78,72,8,17,4,0,3,30,10,2,1,2,3,0,24,0,0,1,,,,,,,0.25,-0.65,1999-02-20
108,임지열22키LF,40,148,131,16,36,6,0,1,45,15,1,0,10,2,0,43,2,3,2,,,,,,,0.25,-0.55,1995-08-22
109,장준원22K2B,35,63,57,7,14,2,0,3,25,10,1,0,3,0,0,17,5,3,0,,,,,,,0.23,0.12,1995-11-21
110,김태진22K키1B,77,276,254,37,68,5,1,0,75,20,1,2,17,1,0,30,4,3,1,,,,,,,0.23,-0.12,1995-10-07
111,라모스22KRF,18,80,72,10,18,1,1,3,30,11,2,0,4,2,0,18,2,1,1,,,,,,,0.21,-0.16,1992-04-15
112,이병헌22삼C,3,4,4,1,3,1,0,0,4,1,0,0,0,0,0,1,0,0,0,,,,,,,0.18,0.08,1999-10-26
113,최승민22NCF,44,34,34,19,11,0,0,0,11,3,6,3,0,0,0,7,1,0,0,,,,,,,0.17,-0.42,1996-07-01
114,유상빈22한LF,17,49,46,3,15,5,0,0,20,4,0,1,0,0,0,11,0,2,1,,,,,,,0.16,0.31,2000-05-09
115,김성윤22삼CF,48,49,42,14,8,3,0,1,14,2,10,2,5,1,0,10,0,1,0,,,,,,,0.15,-0.18,1999-02-02
116,김재혁22삼LF,15,39,33,5,8,1,0,0,9,3,4,0,4,1,0,9,0,0,1,,,,,,,0.15,0.10,1999-12-26
117,박정현22한SS,81,220,205,23,50,4,1,3,65,19,6,1,12,1,0,56,2,2,0,,,,,,,0.15,-1.42,2001-07-27
118,조민성22삼1B,12,16,13,3,4,0,0,1,7,3,1,0,2,1,0,7,0,0,0,,,,,,,0.15,-0.02,2003-10-02
119,권광민22한LF,32,87,71,6,16,3,1,0,21,8,0,1,13,1,0,30,0,0,2,,,,,,,0.14,-0.62,1997-12-12
120,하재훈22SLF,60,114,107,18,23,6,1,6,49,13,1,0,4,1,0,40,0,0,2,,,,,,,0.14,-0.43,1990-10-29
121,변우혁22한1B,21,61,61,5,16,3,0,3,28,8,0,0,0,0,0,21,3,0,0,,,,,,,0.14,-0.76,2000-03-18
122,김태근22두CF,2,6,4,0,2,1,0,0,3,2,0,1,1,1,0,1,0,0,0,,,,,,,0.12,0.14,1996-08-10
123,전민재22두SS,35,46,45,11,13,1,0,0,14,0,3,0,0,0,0,12,3,1,0,,,,,,,0.12,-0.11,1999-06-30
124,최경모22S3B,98,75,73,16,22,2,0,0,24,4,2,0,1,0,0,18,1,1,0,,,,,,,0.12,-0.31,1996-06-17
125,이재용22NC,8,6,5,1,1,0,0,1,4,2,0,0,1,0,0,2,1,0,0,,,,,,,0.12,-0.01,1999-02-28
126,이명기22NLF,94,341,300,36,77,13,2,0,94,23,5,4,30,3,0,56,8,6,2,,,,,,,0.11,-1.84,1987-12-26
127,김민혁22KLF,132,434,373,47,106,10,2,0,120,35,6,9,37,2,2,62,10,19,3,,,,,,,0.10,0.07,1995-11-21
128,장운호22한RF,57,146,122,12,29,3,0,1,35,15,0,2,17,3,1,24,2,2,2,,,,,,,0.10,-0.01,1994-02-20
129,오영수22N1B,83,259,231,25,55,10,0,6,83,31,0,5,22,3,0,58,4,0,3,,,,,,,0.09,0.33,2000-01-30
130,오태곤22SLF,130,295,263,48,61,15,1,4,90,23,11,4,15,9,1,68,3,5,3,,,,,,,0.08,0.06,1991-11-18
131,강현구22두LF,3,5,3,0,1,0,0,0,1,0,0,0,1,1,0,0,0,0,0,,,,,,,0.08,0.03,2002-06-16
132,문상철22K1B,28,52,49,5,11,3,0,2,20,4,1,0,3,0,0,17,2,0,0,,,,,,,0.07,-0.27,1991-04-06
133,김선우22K,3,4,3,1,1,0,0,0,1,0,0,0,0,1,0,0,0,0,0,,,,,,,0.06,0.05,2001-01-18
134,최준우22S2B,10,16,12,0,3,0,0,0,3,1,0,0,3,0,0,3,0,0,1,,,,,,,0.05,-0.06,1999-03-25
135,송승환22두LF,11,28,28,3,7,1,0,1,11,4,0,0,0,0,0,7,0,0,0,,,,,,,0.04,0.22,2000-10-28
136,문상준22KSS,2,3,3,0,1,1,0,0,2,0,0,0,0,0,0,2,0,0,0,,,,,,,0.04,0.07,2001-03-14
137,김민수22롯3B,57,156,140,9,36,6,0,0,42,11,0,1,9,4,0,48,2,3,0,,,,,,,0.04,0.23,1998-03-18
138,권혁경22KC,2,2,2,0,1,0,0,0,1,1,0,0,0,0,0,0,0,0,0,,,,,,,0.04,0.02,2002-01-23
139,안상현22S2B,46,47,38,12,6,0,0,2,12,5,2,0,5,1,0,12,2,3,0,,,,,,,0.03,-0.29,1997-01-27
140,이형종22LDH,26,63,53,3,14,3,0,0,17,7,0,0,5,1,0,10,0,1,3,,,,,,,0.03,0.27,1989-06-07
141,박찬혁22키DH,52,175,161,13,34,5,0,6,57,17,0,1,9,5,0,67,1,0,0,,,,,,,0.03,-0.36,2003-04-25
142,안재석22두SS,99,264,235,22,50,10,0,3,69,17,4,0,19,4,1,71,5,4,2,,,,,,,0.02,-0.88,2002-02-15
143,강백호22KDH,62,264,237,24,58,12,0,6,88,29,0,0,23,1,2,44,6,1,2,,,,,,,0.02,0.16,1999-07-29
144,김동진22삼2B,5,4,4,0,1,1,0,0,2,0,0,0,0,0,0,2,0,0,0,,,,,,,0.02,0.02,1996-12-18
145,전진영22KRF,4,3,3,0,1,0,0,0,1,1,0,0,0,0,0,0,0,0,0,,,,,,,0.02,0.00,1998-04-30
146,박계범22두3B,77,168,145,21,32,8,0,2,46,14,5,3,12,3,1,40,1,6,2,,,,,,,0.02,-0.89,1996-01-11
147,박유연22두C,13,19,17,0,4,0,0,0,4,2,0,0,1,1,0,5,1,0,0,,,,,,,0.01,0.04,1998-12-20
148,안중열22롯C,33,84,71,8,11,0,0,2,17,2,0,1,11,2,0,19,2,0,0,,,,,,,0.01,-0.51,1995-09-01
149,이정범22SRF,7,11,11,2,3,0,0,0,3,1,0,0,0,0,0,2,0,0,0,,,,,,,0.00,-0.03,1998-04-10
150,최용제22두,1,1,0,0,0,0,0,0,0,0,0,0,0,1,0,0,0,0,0,,,,,,,0.00,0.03,1991-07-12
151,박재욱22LC,1,0,0,0,0,0,0,0,0,0,0,0,0,0,0,0,0,0,0,,,,,,,0.00,0.00,1995-12-06
152,신준우22키SS,76,54,43,6,6,3,0,0,9,0,0,0,7,2,0,19,0,2,0,,,,,,,0.00,-0.23,2001-06-21
153,고명성22K,1,0,0,0,0,0,0,0,0,0,0,0,0,0,0,0,0,0,0,,,,,,,0.00,0.00,1999-04-16
154,강상원22한,1,0,0,0,0,0,0,0,0,0,0,0,0,0,0,0,0,0,0,,,,,,,0.00,0.00,1997-05-05
155,김재유22롯,1,0,0,0,0,0,0,0,0,0,0,0,0,0,0,0,0,0,0,,,,,,,0.00,0.03,1992-08-07
156,김태훈22키P,1,0,0,0,0,0,0,0,0,0,0,0,0,0,0,0,0,0,0,,,,,,,0.00,0.00,1992-03-02
157,박민호22SP,1,0,0,0,0,0,0,0,0,0,0,0,0,0,0,0,0,0,0,,,,,,,0.00,0.00,1992-02-25
158,주권22KP,1,0,0,0,0,0,0,0,0,0,0,0,0,0,0,0,0,0,0,,,,,,,0.00,0.00,1995-05-31
159,김명신22두P,3,0,0,0,0,0,0,0,0,0,0,0,0,0,0,0,0,0,0,,,,,,,0.00,0.00,1993-11-29
160,구승민22롯P,1,0,0,0,0,0,0,0,0,0,0,0,0,0,0,0,0,0,0,,,,,,,0.00,0.00,1990-06-12
161,이승진22두P,1,0,0,0,0,0,0,0,0,0,0,0,0,0,0,0,0,0,0,,,,,,,0.00,0.00,1995-01-07
162,박신지22두P,1,0,0,0,0,0,0,0,0,0,0,0,0,0,0,0,0,0,0,,,,,,,0.00,0.00,1999-07-16
163,홍정우22삼P,2,0,0,0,0,0,0,0,0,0,0,0,0,0,0,0,0,0,0,,,,,,,0.00,0.00,1996-03-16
164,김진호22NP,1,0,0,0,0,0,0,0,0,0,0,0,0,0,0,0,0,0,0,,,,,,,0.00,0.00,1998-06-07
165,조요한22SP,1,0,0,0,0,0,0,0,0,0,0,0,0,0,0,0,0,0,0,,,,,,,0.00,0.00,2000-01-06
166,원종현22NP,1,0,0,0,0,0,0,0,0,0,0,0,0,0,0,0,0,0,0,,,,,,,0.00,0.00,1987-07-31
167,이상우22KP,1,0,0,0,0,0,0,0,0,0,0,0,0,0,0,0,0,0,0,,,,,,,0.00,0.00,2003-10-14
168,정우영22LP,1,0,0,0,0,0,0,0,0,0,0,0,0,0,0,0,0,0,0,,,,,,,0.00,0.00,1999-08-19
169,임창민22두P,3,0,0,0,0,0,0,0,0,0,0,0,0,0,0,0,0,0,0,,,,,,,0.00,0.00,1985-08-25
170,김강률22두P,5,0,0,0,0,0,0,0,0,0,0,0,0,0,0,0,0,0,0,,,,,,,0.00,0.00,1988-08-28
171,김서준22삼P,1,0,0,0,0,0,0,0,0,0,0,0,0,0,0,0,0,0,0,,,,,,,0.00,0.00,2003-09-01
172,김민우22한P,1,0,0,0,0,0,0,0,0,0,0,0,0,0,0,0,0,0,0,,,,,,,0.00,0.00,1995-07-25
173,김동주22두P,1,0,0,0,0,0,0,0,0,0,0,0,0,0,0,0,0,0,0,,,,,,,0.00,0.00,2002-02-14
174,김택형22SP,1,0,0,0,0,0,0,0,0,0,0,0,0,0,0,0,0,0,0,,,,,,,0.00,0.00,1996-10-10
175,이용준22NP,1,0,0,0,0,0,0,0,0,0,0,0,0,0,0,0,0,0,0,,,,,,,0.00,0.00,2002-05-08
176,백승현22LP,1,0,0,0,0,0,0,0,0,0,0,0,0,0,0,0,0,0,0,,,,,,,0.00,0.00,1995-05-26
177,이정현22KP,1,0,0,0,0,0,0,0,0,0,0,0,0,0,0,0,0,0,0,,,,,,,0.00,0.00,1997-12-05
178,허준혁22LP,1,0,0,0,0,0,0,0,0,0,0,0,0,0,0,0,0,0,0,,,,,,,0.00,0.00,1999-07-02
179,김성진22키P,2,0,0,0,0,0,0,0,0,0,0,0,0,0,0,0,0,0,0,,,,,,,0.00,0.00,1997-11-14
180,김재열22KP,1,0,0,0,0,0,0,0,0,0,0,0,0,0,0,0,0,0,0,,,,,,,0.00,0.00,1996-01-02
181,배재준22LP,1,0,0,0,0,0,0,0,0,0,0,0,0,0,0,0,0,0,0,,,,,,,0.00,0.00,1994-11-24
182,김재윤22KP,1,0,0,0,0,0,0,0,0,0,0,0,0,0,0,0,0,0,0,,,,,,,0.00,0.00,1990-09-16
183,류희운22KP,2,0,0,0,0,0,0,0,0,0,0,0,0,0,0,0,0,0,0,,,,,,,0.00,0.00,1995-06-19
184,김원중22롯P,1,0,0,0,0,0,0,0,0,0,0,0,0,0,0,0,0,0,0,,,,,,,0.00,0.00,1993-06-14
185,주현상22한P,2,0,0,0,0,0,0,0,0,0,0,0,0,0,0,0,0,0,0,,,,,,,0.00,0.00,1992-08-10
186,노운현22키P,1,0,0,0,0,0,0,0,0,0,0,0,0,0,0,0,0,0,0,,,,,,,0.00,0.00,2003-06-22
187,박승주22키P,1,0,0,0,0,0,0,0,0,0,0,0,0,0,0,0,0,0,0,,,,,,,0.00,0.00,1994-02-12
188,문경찬22롯P,1,0,0,0,0,0,0,0,0,0,0,0,0,0,0,0,0,0,0,,,,,,,0.00,0.00,1992-07-08
189,김범수22한P,1,0,0,0,0,0,0,0,0,0,0,0,0,0,0,0,0,0,0,,,,,,,0.00,0.00,1995-10-03
190,박영현22KP,4,0,0,0,0,0,0,0,0,0,0,0,0,0,0,0,0,0,0,,,,,,,0.00,0.00,2003-10-11
191,채지선22LP,1,0,0,0,0,0,0,0,0,0,0,0,0,0,0,0,0,0,0,,,,,,,0.00,0.00,1995-07-11
192,박정수22두P,1,0,0,0,0,0,0,0,0,0,0,0,0,0,0,0,0,0,0,,,,,,,0.00,0.00,1996-01-29
193,우규민22삼P,1,0,0,0,0,0,0,0,0,0,0,0,0,0,0,0,0,0,0,,,,,,,0.00,0.00,1985-01-21
194,최동환22LP,4,0,0,0,0,0,0,0,0,0,0,0,0,0,0,0,0,0,0,,,,,,,0.00,0.00,1989-09-19
195,이용찬22NP,4,0,0,0,0,0,0,0,0,0,0,0,0,0,0,0,0,0,0,,,,,,,0.00,0.00,1989-01-02
196,하영민22키P,3,0,0,0,0,0,0,0,0,0,0,0,0,0,0,0,0,0,0,,,,,,,0.00,0.00,1995-05-07
197,박주성22키P,2,0,0,0,0,0,0,0,0,0,0,0,0,0,0,0,0,0,0,,,,,,,0.00,0.00,2000-11-09
198,김지용22두P,3,0,0,0,0,0,0,0,0,0,0,0,0,0,0,0,0,0,0,,,,,,,0.00,0.00,1988-02-20
199,최성훈22LP,2,0,0,0,0,0,0,0,0,0,0,0,0,0,0,0,0,0,0,,,,,,,0.00,0.00,1989-10-11
200,김성진22키P,2,0,0,0,0,0,0,0,0,0,0,0,0,0,0,0,0,0,0,,,,,,,0.00,0.00,1997-11-14
201,류희운22KP,2,0,0,0,0,0,0,0,0,0,0,0,0,0,0,0,0,0,0,,,,,,,0.00,0.00,1995-06-19
202,김원중22롯P,1,0,0,0,0,0,0,0,0,0,0,0,0,0,0,0,0,0,0,,,,,,,0.00,0.00,1993-06-14
203,김재윤22KP,1,0,0,0,0,0,0,0,0,0,0,0,0,0,0,0,0,0,0,,,,,,,0.00,0.00,1990-09-16
204,박승주22키P,1,0,0,0,0,0,0,0,0,0,0,0,0,0,0,0,0,0,0,,,,,,,0.00,0.00,1994-02-12
205,주현상22한P,2,0,0,0,0,0,0,0,0,0,0,0,0,0,0,0,0,0,0,,,,,,,0.00,0.00,1992-08-10
206,노운현22키P,1,0,0,0,0,0,0,0,0,0,0,0,0,0,0,0,0,0,0,,,,,,,0.00,0.00,2003-06-22
207,김범수22한P,1,0,0,0,0,0,0,0,0,0,0,0,0,0,0,0,0,0,0,,,,,,,0.00,0.00,1995-10-03
208,문경찬22롯P,1,0,0,0,0,0,0,0,0,0,0,0,0,0,0,0,0,0,0,,,,,,,0.00,0.00,1992-07-08
209,채지선22LP,1,0,0,0,0,0,0,0,0,0,0,0,0,0,0,0,0,0,0,,,,,,,0.00,0.00,1995-07-11
210,박영현22KP,4,0,0,0,0,0,0,0,0,0,0,0,0,0,0,0,0,0,0,,,,,,,0.00,0.00,2003-10-11
211,박정수22두P,1,0,0,0,0,0,0,0,0,0,0,0,0,0,0,0,0,0,0,,,,,,,0.00,0.00,1996-01-29
212,우규민22삼P,1,0,0,0,0,0,0,0,0,0,0,0,0,0,0,0,0,0,0,,,,,,,0.00,0.00,1985-01-21
213,이용찬22NP,4,0,0,0,0,0,0,0,0,0,0,0,0,0,0,0,0,0,0,,,,,,,0.00,0.00,1989-01-02
214,최동환22LP,4,0,0,0,0,0,0,0,0,0,0,0,0,0,0,0,0,0,0,,,,,,,0.00,0.00,1989-09-19
215,박주성22키P,2,0,0,0,0,0,0,0,0,0,0,0,0,0,0,0,0,0,0,,,,,,,0.00,0.00,2000-11-09
216,하영민22키P,3,0,0,0,0,0,0,0,0,0,0,0,0,0,0,0,0,0,0,,,,,,,0.00,0.00,1995-05-07
217,김지용22두P,3,0,0,0,0,0,0,0,0,0,0,0,0,0,0,0,0,0,0,,,,,,,0.00,0.00,1988-02-20
218,김진성22LP,2,0,0,0,0,0,0,0,0,0,0,0,0,0,0,0,0,0,0,,,,,,,0.00,0.00,1985-03-07
219,최성훈22LP,2,0,0,0,0,0,0,0,0,0,0,0,0,0,0,0,0,0,0,,,,,,,0.00,0.00,1989-10-11
220,송은범22LP,2,0,0,0,0,0,0,0,0,0,0,0,0,0,0,0,0,0,0,,,,,,,0.00,0.00,1984-03-17
221,하준영22NP,1,0,0,0,0,0,0,0,0,0,0,0,0,0,0,0,0,0,0,,,,,,,0.00,0.00,1999-09-06
222,심재민22KP,2,0,0,0,0,0,0,0,0,0,0,0,0,0,0,0,0,0,0,,,,,,,0.00,0.00,1994-02-18
223,정철원22두P,2,0,0,0,0,0,0,0,0,0,0,0,0,0,0,0,0,0,0,,,,,,,0.00,0.00,1999-03-27
224,송승기22LP,1,0,0,0,0,0,0,0,0,0,0,0,0,0,0,0,0,0,0,,,,,,,0.00,0.00,2002-04-10
225,강윤구22롯P,1,0,0,0,0,0,0,0,0,0,0,0,0,0,0,0,0,0,0,,,,,,,0.00,0.00,1990-07-10
226,김태경22NP,2,0,0,0,0,0,0,0,0,0,0,0,0,0,0,0,0,0,0,,,,,,,0.00,0.00,2001-04-07
227,박용택22LLF,1,0,0,0,0,0,0,0,0,0,0,0,0,0,0,0,0,0,0,,,,,,,0.00,0.00,1979-04-21
228,이재홍22키3B,4,4,4,0,1,0,0,0,1,0,0,0,0,0,0,2,0,0,0,,,,,,,-0.01,-0.06,1998-12-17
229,박주홍22키LF,21,57,49,4,11,1,1,0,14,3,0,0,8,0,1,18,1,0,0,,,,,,,-0.01,-0.22,2001-04-16
230,박정우22K,2,0,0,1,0,0,0,0,0,0,0,0,0,0,0,0,0,0,0,,,,,,,-0.01,0.00,1996-03-21
231,백용환22한,4,5,5,1,1,1,0,0,2,0,0,0,0,0,0,1,0,0,0,,,,,,,-0.02,-0.14,1989-03-20
232,김민성22L3B,92,157,140,16,29,4,0,3,42,20,0,1,10,3,0,27,4,3,1,,,,,,,-0.02,-0.07,1988-12-17
233,노수광22한LF,117,361,315,33,72,18,6,4,114,30,17,6,32,1,1,107,2,10,3,,,,,,,-0.02,-0.45,1990-08-06
234,고우석22L,4,1,1,0,0,0,0,0,0,0,0,0,0,0,0,0,0,0,0,,,,,,,-0.02,-0.05,1998-08-06
235,전경원22S,1,1,1,0,0,0,0,0,0,0,0,0,0,0,0,0,0,0,0,,,,,,,-0.02,-0.00,1999-03-18
236,나지완22K,2,1,1,0,0,0,0,0,0,0,0,0,0,0,0,0,0,0,0,,,,,,,-0.02,0.00,1985-05-19
237,조형우22SC,9,13,12,2,2,1,0,0,3,1,0,0,1,0,0,3,0,0,0,,,,,,,-0.02,-0.10,2002-04-04
238,강민국22키SS,3,4,3,0,0,0,0,0,0,1,0,0,1,0,0,1,0,0,0,,,,,,,-0.03,0.24,1992-01-10
239,김세민22롯2B,4,4,1,1,0,0,0,0,0,0,0,0,1,0,0,0,0,2,0,,,,,,,-0.03,0.00,2003-06-14
240,김기연22LC,12,9,9,0,2,0,0,0,2,1,0,0,0,0,0,3,0,0,0,,,,,,,-0.03,-0.06,1997-09-07
241,박민22KSS,6,2,2,1,0,0,0,0,0,0,0,0,0,0,0,0,0,0,0,,,,,,,-0.04,-0.01,2001-06-05
242,임석진22K3B,10,17,14,4,1,0,0,1,4,1,0,0,2,1,0,9,1,0,0,,,,,,,-0.04,-0.15,1997-10-10
243,최민창22LLF,4,5,5,1,1,0,0,0,1,0,0,0,0,0,0,1,0,0,0,,,,,,,-0.04,-0.15,1996-04-16
244,이천웅22L,19,23,20,3,4,0,0,0,4,0,0,0,3,0,0,3,0,0,0,,,,,,,-0.04,-0.01,1988-10-20
245,이유찬22두SS,13,31,29,3,7,0,0,1,10,2,1,1,0,0,0,12,0,1,1,,,,,,,-0.04,-0.18,1998-08-05
246,권민석22두3B,16,3,3,3,0,0,0,0,0,0,0,0,0,0,0,1,0,0,0,,,,,,,-0.04,-0.02,1999-02-20
247,박정우22KCF,14,3,3,1,1,0,0,0,1,2,0,0,0,0,0,1,0,0,0,,,,,,,-0.04,0.11,1998-02-01
248,강로한22롯DH,1,0,0,0,0,0,0,0,0,0,0,1,0,0,0,0,0,0,0,,,,,,,-0.04,-0.08,1992-05-13
249,이명기22키DH,2,4,4,0,1,0,0,0,1,0,0,0,0,0,0,2,0,0,0,,,,,,,-0.04,-0.06,2000-01-03
250,홍현빈22KRF,61,92,76,8,18,2,0,0,20,1,4,0,10,0,0,26,1,6,0,,,,,,,-0.04,-0.77,1997-08-29
251,안익훈22L,14,4,3,0,0,0,0,0,0,0,0,0,1,0,0,0,0,0,0,,,,,,,-0.05,-0.03,1996-02-12
252,허관회22한DH,15,25,23,3,5,2,0,0,7,1,1,0,1,0,0,7,2,1,0,,,,,,,-0.05,0.08,1999-02-12
253,오태양22N,15,4,3,5,0,0,0,0,0,0,2,2,0,1,0,1,0,0,0,,,,,,,-0.05,-0.16,2002-04-25
254,김호은22L1B,2,2,2,0,0,0,0,0,0,0,0,0,0,0,0,1,0,0,0,,,,,,,-0.05,-0.06,1992-01-03
255,이재현22삼SS,75,239,230,23,54,4,0,7,79,23,0,0,5,1,0,44,6,3,0,,,,,,,-0.05,-0.82,2003-02-04
256,김웅빈22키DH,45,135,115,17,26,5,1,1,36,11,0,2,13,4,1,38,2,3,0,,,,,,,-0.05,-0.84,1996-02-09
257,문상인22K,12,3,3,2,0,0,0,0,0,0,0,0,0,0,0,2,1,0,0,,,,,,,-0.06,-0.01,1998-01-31
258,전민수22NDH,20,41,40,3,11,2,0,0,13,2,0,0,1,0,0,14,0,0,0,,,,,,,-0.06,0.26,1989-03-18
259,김재호22두SS,102,264,223,26,48,7,0,1,58,21,0,2,28,2,0,33,5,7,4,,,,,,,-0.06,-1.91,1985-03-21
260,이상호22L2B,60,80,72,9,18,2,0,0,20,5,1,2,4,1,0,6,1,3,0,,,,,,,-0.06,-0.24,1989-02-05
261,정범모22NC,5,7,7,0,1,0,0,0,1,1,0,0,0,0,0,1,0,0,0,,,,,,,-0.07,-0.01,1987-03-26
262,신범수22KC,2,3,3,0,0,0,0,0,0,0,0,0,0,0,0,1,0,0,0,,,,,,,-0.07,-0.07,1998-01-25
263,류승현22K,3,3,3,0,0,0,0,0,0,0,0,0,0,0,0,1,0,0,0,,,,,,,-0.07,0.15,1997-07-01
264,김수환22키1B,57,168,140,18,25,6,0,4,43,14,0,0,21,3,0,56,0,3,1,,,,,,,-0.07,-0.63,1998-03-20
265,김민수22롯RF,5,7,7,0,1,0,0,0,1,1,0,0,0,0,0,4,0,0,0,,,,,,,-0.08,-0.02,1996-06-11
266,이영빈22L2B,60,83,76,16,14,3,0,1,20,5,0,0,7,0,0,25,3,0,0,,,,,,,-0.08,-0.73,2002-06-17
267,김영웅22삼3B,12,15,15,2,2,0,0,1,5,1,0,0,0,0,0,7,0,0,0,,,,,,,-0.08,-0.16,2003-08-24
268,석정우22S2B,9,9,9,1,2,0,0,0,2,0,0,1,0,0,0,3,0,0,0,,,,,,,-0.09,-0.11,1999-01-20
269,조대현22K,6,4,4,0,0,0,0,0,0,0,0,0,0,0,0,3,0,0,0,,,,,,,-0.09,-0.12,1999-08-06
270,정진기22NCF,39,59,53,4,10,2,0,1,15,4,1,0,6,0,0,19,1,0,0,,,,,,,-0.09,-0.59,1992-10-10
271,김수윤22N1B,10,18,17,1,2,1,0,1,6,2,0,0,1,0,0,7,0,0,0,,,,,,,-0.09,-0.01,1998-07-16
272,이시원22KRF,31,16,15,6,2,0,0,0,2,1,2,0,0,1,0,4,0,0,0,,,,,,,-0.09,-0.05,1996-07-24
273,신민재22LCF,14,3,3,2,0,0,0,0,0,0,2,2,0,0,0,0,0,0,0,,,,,,,-0.10,0.01,1996-01-21
274,예진원22키LF,20,14,10,0,1,0,0,0,1,0,0,0,3,0,0,3,0,1,0,,,,,,,-0.10,-0.20,1999-03-16
275,김재현22S3B,18,20,18,2,4,1,0,0,5,4,0,0,0,0,0,3,2,2,0,,,,,,,-0.10,0.17,1991-08-30
276,장진혁22한RF,41,132,116,11,27,2,0,2,35,17,2,1,12,0,0,28,1,1,3,,,,,,,-0.10,-0.99,1993-09-30
277,허인서22한C,8,19,18,1,3,0,0,0,3,0,0,0,1,0,0,8,0,0,0,,,,,,,-0.11,-0.20,2003-07-11
278,장두성22롯CF,53,28,23,7,4,0,0,0,4,0,4,1,5,0,0,11,0,0,0,,,,,,,-0.11,-0.32,1999-09-16
279,장승현22두C,60,109,96,6,20,3,0,0,23,9,0,0,5,4,0,27,2,3,1,,,,,,,-0.12,-0.69,1994-03-07
280,오준혁22SRF,47,67,61,3,14,2,0,0,16,6,0,0,5,0,0,15,4,1,0,,,,,,,-0.12,-0.54,1992-03-11
281,유준규22KDH,7,16,14,3,3,0,0,0,3,0,0,0,1,0,0,6,0,1,0,,,,,,,-0.12,-0.17,2002-08-16
282,김규남22SRF,2,5,5,0,0,0,0,0,0,0,0,0,0,0,0,2,1,0,0,,,,,,,-0.13,-0.09,1995-05-12
283,김준완22키LF,111,398,317,43,60,10,2,1,77,28,1,1,64,8,0,71,4,6,3,,,,,,,-0.13,-0.86,1991-01-20
284,양승혁22K2B,11,5,5,0,0,0,0,0,0,0,1,1,0,0,0,1,0,0,0,,,,,,,-0.13,-0.03,1999-09-29
285,이정훈22KDH,6,10,8,0,0,0,0,0,0,0,0,0,2,0,0,3,0,0,0,,,,,,,-0.13,-0.22,1994-12-07
286,김재현22키C,56,88,82,4,17,4,0,1,24,8,0,0,2,1,0,19,3,2,1,,,,,,,-0.13,-0.66,1993-03-18
287,박승욱22롯SS,100,228,198,29,45,7,2,1,59,16,8,2,16,2,0,69,1,12,0,,,,,,,-0.13,-0.61,1992-12-04
288,한석현22LRF,6,10,9,1,2,0,0,0,2,0,0,1,0,0,0,3,0,1,0,,,,,,,-0.14,-0.21,1994-05-17
289,최상민22SLF,27,18,14,3,1,0,0,0,1,1,3,1,3,0,0,4,0,1,0,,,,,,,-0.14,0.27,1999-08-20
290,윤동희22롯1B,4,13,13,1,2,1,0,0,3,1,0,0,0,0,0,2,1,0,0,,,,,,,-0.14,-0.25,2003-09-18
291,공민규22삼1B,15,22,19,0,3,0,0,0,3,2,0,0,1,1,0,10,0,0,1,,,,,,,-0.14,-0.22,1999-09-27
292,추재현22롯RF,33,66,58,10,13,4,0,0,17,5,1,0,7,1,0,17,1,0,0,,,,,,,-0.14,-0.53,1999-02-22
293,이태훈22삼DH,10,18,17,2,3,0,0,0,3,0,0,0,1,0,0,6,0,0,0,,,,,,,-0.15,0.09,1995-04-03
294,김시앙22키C,13,14,12,1,1,0,0,0,1,0,0,0,1,0,0,8,1,1,0,,,,,,,-0.16,-0.17,2001-10-31
295,이현석22SC,9,15,15,0,2,0,0,0,2,1,0,0,0,0,0,5,1,0,0,,,,,,,-0.16,-0.31,1992-06-07
296,이호연22롯3B,88,222,205,20,50,10,1,2,68,16,3,1,11,2,1,38,5,4,0,,,,,,,-0.16,-1.79,1995-06-03
297,서호철22N2B,89,214,195,26,40,8,0,2,54,14,3,1,12,4,0,41,6,3,0,,,,,,,-0.17,-1.68,1996-10-16
298,최영진22삼3B,43,91,80,5,15,4,0,2,25,10,2,2,8,2,0,20,2,1,0,,,,,,,-0.18,-0.05,1988-05-10
299,이진영22한RF,70,240,220,27,44,12,1,8,82,31,2,2,17,0,0,90,4,0,3,,,,,,,-0.18,-1.90,1997-07-21
300,신성현22두LF,17,25,23,3,2,0,0,1,5,2,1,0,2,0,0,5,2,0,0,.087,.160,.217,.377,.178,4.4,-0.19,-0.21,1990-10-19
301,이흥련22SC,22,55,45,4,6,2,0,0,8,1,0,0,5,2,0,22,2,3,0,.133,.250,.178,.428,.209,18.1,-0.19,-0.48,1989-05-16
302,크론22S1B,67,259,243,21,54,13,1,11,102,35,0,0,9,3,0,68,3,0,4,.222,.255,.420,.675,.300,78.7,-0.20,-0.75,1993-02-17
303,홍성호22두RF,12,19,18,3,3,0,0,0,3,0,0,0,1,0,0,7,1,0,0,.167,.211,.167,.377,.187,3.4,-0.20,-0.28,1997-07-15
304,박석민22N3B,16,58,47,3,7,2,0,0,9,2,0,0,9,1,0,8,3,1,0,.149,.298,.191,.490,.251,48.2,-0.20,-0.32,1985-06-22
305,한승택22KC,65,119,102,11,18,2,0,1,23,11,0,0,9,3,0,30,2,4,1,.176,.261,.225,.486,.232,34.7,-0.21,-0.82,1994-06-21
306,안주형22삼2B,18,23,20,2,3,0,0,0,3,2,0,0,1,0,0,6,0,1,1,.150,.182,.150,.332,.154,-18.2,-0.21,-0.25,1993-08-14
307,박준태22키RF,52,84,70,9,11,4,0,1,18,10,0,0,11,2,0,33,0,1,0,.157,.289,.257,.546,.267,61.5,-0.22,-0.55,1991-07-26
308,김성표22삼CF,17,18,17,5,2,0,0,0,2,0,2,0,1,0,0,5,0,0,0,.118,.167,.118,.284,.145,-24.7,-0.22,-0.21,1994-03-17
309,천재환22NCF,29,36,35,4,5,1,0,1,9,1,1,0,0,1,0,11,1,0,0,.143,.167,.257,.424,.194,9.2,-0.23,-0.80,1994-04-01
310,서예일22두2B,35,27,25,2,4,1,0,0,5,2,0,0,1,0,0,6,1,1,0,.160,.192,.200,.392,.180,0.6,-0.24,-0.20,1993-06-19
311,원혁재22한LF,11,23,21,2,2,1,0,0,3,0,0,0,2,0,0,12,0,0,0,.095,.174,.143,.317,.161,-13.2,-0.25,-0.30,1995-01-29
312,윤정빈22삼,13,10,10,1,0,0,0,0,0,0,0,0,0,0,0,5,0,0,0,.000,.000,.000,.000,.000,-124.0,-0.25,-0.11,1999-06-24
313,이해창22한C,4,11,10,0,0,0,0,0,0,0,0,0,0,0,0,2,1,1,0,.000,.000,.000,.000,.000,-124.0,-0.25,-0.23,1987-05-11
314,루이즈22L3B,27,94,84,10,13,4,1,1,22,6,1,0,9,0,0,13,5,0,1,.155,.234,.262,.496,.235,39.5,-0.25,-0.90,1994-05-22
315,김규성22K2B,70,52,50,14,9,0,1,1,14,4,0,0,1,0,0,12,0,1,0,.180,.196,.280,.476,.213,22.3,-0.25,-0.58,1997-03-08
316,정훈22롯1B,91,340,294,39,72,8,0,3,89,32,4,1,32,2,0,66,6,6,6,.245,.317,.303,.620,.290,73.4,-0.25,-0.68,1987-07-18
317,김태훈22K1B,7,10,10,0,0,0,0,0,0,0,0,0,0,0,0,2,0,0,0,.000,.000,.000,.000,.000,-124.0,-0.26,-0.27,1996-03-31
318,이성규22삼DH,13,34,27,5,2,0,0,0,2,1,0,0,5,2,0,8,1,0,0,.074,.265,.074,.339,.205,17.8,-0.26,-0.14,1993-08-03
319,강진성22두1B,40,94,80,7,13,2,0,1,18,8,4,0,11,2,1,20,2,1,0,.163,.280,.225,.505,.245,46.2,-0.26,-0.49,1993-10-19
320,오재원22두2B,18,31,29,2,5,2,0,0,7,4,1,2,1,0,0,9,1,0,1,.172,.194,.241,.435,.199,14.8,-0.27,0.18,1985-02-09
321,임종찬22한RF,20,57,53,2,10,1,0,2,17,6,0,1,3,0,1,23,1,0,1,.189,.228,.321,.549,.241,41.6,-0.28,-0.12,2001-09-28
322,김호재22삼2B,21,29,28,1,4,1,0,0,5,1,0,0,1,0,0,9,1,0,0,.143,.172,.179,.351,.168,-8.6,-0.28,-0.43,1995-05-31
323,이원석22한CF,20,39,35,4,4,0,0,1,7,1,0,0,3,0,0,18,1,1,0,.114,.184,.200,.384,.181,0.4,-0.29,-0.52,1999-03-31
324,이주형22키DH,32,85,71,7,12,0,0,1,15,8,0,0,10,3,0,27,0,0,1,.169,.294,.211,.505,.257,55.7,-0.29,-0.39,2002-07-05
325,권동진22K2B,46,40,38,9,5,1,1,0,8,4,4,0,1,0,0,16,0,1,0,.132,.154,.211,.364,.163,-12.6,-0.29,-0.26,1998-09-12
326,이병규22키1B,24,40,38,7,7,1,1,0,10,5,1,0,2,0,0,11,0,0,0,.184,.225,.263,.488,.228,32.1,-0.30,-0.21,1994-10-05
327,이성곤22한1B,41,117,99,6,19,5,0,0,24,5,1,1,17,0,0,32,0,0,1,.192,.308,.242,.550,.273,64.0,-0.31,-0.47,1992-03-25
328,전병우22키1B,115,231,197,14,40,7,0,5,62,21,0,0,17,7,0,68,5,9,1,.203,.288,.315,.603,.275,68.2,-0.31,-0.01,1992-10-24
329,최항22SDH,15,24,20,0,2,0,0,0,2,1,0,0,2,1,0,7,0,0,1,.100,.208,.100,.308,.170,-8.9,-0.31,-0.24,1994-01-03
330,정민규22한1B,9,24,23,3,3,0,0,0,3,0,0,0,0,1,0,11,0,0,0,.130,.167,.130,.297,.149,-21.7,-0.31,-0.14,2003-01-10
331,김병희22K1B,41,85,74,8,15,2,0,1,20,6,0,3,7,3,0,26,2,0,1,.203,.294,.270,.564,.274,63.0,-0.31,-0.37,1990-12-06
332,도태훈22N3B,90,163,139,18,30,7,0,2,43,13,0,0,13,1,0,23,5,7,3,.216,.282,.309,.591,.265,58.6,-0.34,-1.80,1993-03-18
333,박승규22삼CF,62,83,74,10,16,2,0,0,18,4,2,0,3,0,0,15,0,5,1,.216,.244,.243,.487,.217,24.6,-0.35,-0.67,2000-09-02
334,송준석22삼RF,17,32,29,3,4,0,0,0,4,1,0,0,1,1,0,5,1,1,0,.138,.194,.138,.332,.164,-11.5,-0.36,-0.56,1994-05-04
335,배성근22롯2B,22,41,39,3,5,1,0,0,6,0,0,0,2,0,0,12,3,0,0,.128,.171,.154,.325,.159,-16.5,-0.37,-0.70,1995-04-27
336,최정용22K2B,30,23,22,5,2,0,0,0,2,0,0,0,0,0,0,6,0,1,0,.091,.091,.091,.182,.082,-67.7,-0.37,-0.37,1996-10-24
337,윤형준22N1B,35,69,67,5,14,1,0,1,18,5,1,0,1,1,0,21,1,0,0,.209,.232,.269,.501,.234,38.4,-0.38,-0.70,1994-01-31
338,김한별22NSS,24,23,21,0,2,0,0,0,2,0,0,1,0,0,0,6,0,2,0,.095,.095,.095,.191,.082,-66.8,-0.38,-0.39,2001-01-18
339,이해승22삼SS,46,106,99,11,23,3,0,0,26,5,0,0,1,0,0,29,1,6,0,.232,.240,.263,.503,.222,28.3,-0.38,-0.34,2000-08-01
340,김석환22KLF,51,107,94,15,14,2,0,3,25,7,0,0,10,3,0,32,1,0,0,.149,.252,.266,.518,.250,47.0,-0.39,-1.07,1999-02-28
341,이학주22롯SS,91,260,232,29,48,11,1,3,70,15,2,4,16,2,0,54,3,9,1,.207,.263,.302,.565,.256,49.3,-0.40,-1.92,1990-11-04
342,이용규22키LF,86,326,271,34,54,6,0,0,60,21,12,2,45,7,0,42,7,1,2,.199,.326,.221,.548,.278,67.7,-0.41,0.64,1985-08-26
343,신본기22KSS,74,138,121,9,22,3,0,1,28,8,0,1,10,2,0,28,5,4,1,.182,.254,.231,.485,.230,32.6,-0.47,-1.75,1989-03-21
344,김응민22NC,34,75,67,7,9,1,0,1,13,5,0,0,3,2,0,12,3,2,1,.134,.192,.194,.386,.182,1.2,-0.47,-0.64,1991-10-22
345,김동엽22삼DH,30,100,95,9,21,5,0,2,32,4,0,3,4,0,0,22,1,0,1,.221,.250,.337,.587,.268,58.4,-0.48,-0.41,1990-07-24
346,한태양22롯SS,38,72,61,14,9,1,0,0,10,3,1,0,5,2,0,24,1,4,0,.148,.235,.164,.399,.194,7.2,-0.49,-0.19,2003-09-15
347,강태율22롯C,19,38,32,0,3,1,0,0,4,3,0,0,2,1,0,9,2,3,0,.094,.171,.125,.296,.142,-28.1,-0.52,-0.48,1996-11-01
348,송민섭22KRF,119,72,64,17,10,1,2,0,15,3,0,2,5,0,0,19,0,3,0,.156,.217,.234,.452,.206,17.1,-0.53,-0.59,1991-08-02
349,김성현22S2B,130,359,302,38,66,9,1,2,83,37,3,3,31,3,0,36,13,20,3,.219,.295,.275,.570,.259,53.9,-0.58,-0.25,1987-03-09
350,이도윤22한SS,80,126,113,9,18,7,0,1,28,8,3,2,8,0,0,30,1,4,1,.159,.213,.248,.461,.210,20.5,-0.69,-1.37,1996-10-07
351,박대온22NC,59,133,127,8,23,4,0,1,30,10,0,0,0,2,0,37,4,3,1,.181,.192,.236,.429,.194,10.5,-0.75,-1.69,1995-08-28
352,조세진22롯RF,39,88,86,6,16,3,0,0,19,6,0,1,1,0,0,25,4,1,0,.186,.195,.221,.416,.192,5.7,-0.76,-0.64,2003-11-21
353,유로결22한LF,30,68,60,5,8,0,0,0,8,4,0,0,4,1,0,9,1,3,0,.133,.200,.133,.333,.164,-11.4,-0.82,-1.05,2000-05-30
354,정보근22롯C,95,226,199,8,38,2,0,1,43,15,1,0,14,2,0,55,4,10,1,.191,.250,.216,.466,.218,24.1,-0.91,-1.78,1999-08-31
355,박경수22K2B,100,194,166,13,20,3,0,3,32,10,0,0,24,1,0,70,3,2,1,.120,.234,.193,.427,.213,21.9,-1.01,-2.16,1984-03-31
356,김헌곤22삼CF,80,239,224,18,43,8,0,1,54,20,3,1,9,1,0,22,10,2,3,.192,.224,.241,.465,.217,24.6,-1.58,-2.24,1988-11-09
